name	rename_to
HM Rando	Halie M. Rando
rando2	Halie M. Rando
Casey Greene	Casey S. Greene
rmrussell	Ronnie M. Russell
nilswellhausen	Nils Wellhausen
RLordan	Ronan Lordan
rlordan	Ronan Lordan
Lucy McGowan	Lucy D'Agostino McGowan
aadattoli	Anna Ada Dattoli
Jeff-Field	Jeff Field
Adam MacLean	Adam L MacLean
rdvelazquez	Ryan Velazquez
ajlee21	Alexandra Lee
dianerafi	Diane Rafizadeh
Elizabeth (Ellie) Sell	Elizabeth Sell
marouenbg	Marouen
Marouen	Marouen
jinhui2	Jinhui
ypar	Yoson Park
yoson park	Yoson Park
likhithakolla	Likhitha Kolla
anskelly	Ashwin Skelly
byrdjb	J. Brian Byrd
soumitagh	soumitagh
yemarshall	Yael E. Marshall
bansalvi	Bansalvi
Yanjun Qi / Jane	Yanjun Qi
LSH2126	Lamonica Shinholster
gregszetoAI	Greg Szeto
tlukan	Temitayo Lukan
NAIKA86	Naika
yusha-sun	Yushua Sun
